domain,label
2slejct5ph4kz1fm2vcb.cn,1
cdn.facebook10.co,0
twitter49.org,0
static.microsoft79.io,0
2gtqj2fef29jf9moxtzi5wxpvhf4.ru,1
reddit54.com,0
cdn.discord94.org,0
mel0cbn1wzw3otig5sw.xyz,1
twitch88.io,0
mail.netflix43.co,0
znncl47topw5mykzgqf9aag.xyz,1
3pf04k3oiylsifkpgzloyd.bit,1
2w7uyk1h5c9hzyb179dzpvscp0kol8.bit,1
cdn.spotify1.com,0
qb0krutndf053w86xkth84v5nw07d.xyz,1
ew38sifw1fgjgxe3jt333fj.cn,1
api.reddit23.co,0
dy7rwg2bnnicij0srugjr3sc9x8.bit,1
static.spotify41.org,0
v2d4ejk6rooviolop9viyoq9582g.ru,1
mail.amazon72.ai,0
agf6hqd0l894gae0a.cn,1
facebook74.dev,0
mail.github40.com,0
api.dropbox20.ai,0
lo81bd2x0zvll3rff5n8d4mum6zr0.top,1
assets.spotify55.co,0
static.spotify43.com,0
google78.org,0
n12kuqk2r9qgedwj0wdh2r8vdwrz5.net,1
3la1ml8ybf3sag4ikhpkdp.ru,1
ucu1tqmvi9ia2jid9mc5wc8gv.net,1
api.twitter23.ai,0
mail.spotify88.org,0
dev.medium15.net,0
api.github91.co,0
r1rrq89ufueb7jexetcf.cn,1
n0ni2hmqas8efly9s4ynf5r8dvyq.ru,1
api.stackoverflow56.io,0
dev.wikipedia66.org,0
g6caafhbzb5gfpscm5pi5cfv.top,1
3u2zkghbrsp2716y01p346934.com,1
assets.twitter21.com,0
djjcptgint0mkbjtljfbi4.net,1
cdn.amazon54.ai,0
api.microsoft37.io,0
api.wikipedia60.com,0
dev.spotify88.org,0
kmkvw9tmhxiscnj2ufv.net,1
cdn.google1.org,0
dev.zoom57.ai,0
w1lcbphn077qrtkujio.org,1
y3cjassnunuy7t4y5355a.ru,1
dev.twitch50.org,0
wxn5lbe63849p0lwb.com,1
api.twitter12.co,0
v0waur0w3p2gy9e1.bit,1
jhbb2zy8ps017rd.ru,1
mail.spotify13.net,0
static.twitch7.org,0
apy3s75c7jirxsvv.net,1
assets.wikipedia7.org,0
2t07nvyim8ptqiha8c47rc0.cn,1
1ewx0joshz62vaphdnn8vtz.top,1
opeugob49geq1pimir.org,1
assets.apple71.com,0
b7e3lfnkudafe6up9geu.top,1
mail.stackoverflow29.net,0
6x5kfvo9islig6gzwtq8rxg5bdum4.ru,1
ektl2s320kjhr70f60.cn,1
3lqfjz3ef12xbdrn.org,1
gvgkglgq76dven9h.cn,1
a1ij66oi1kri4b6do4g34n.cn,1
3hhecy9rojricw0.net,1
assets.stackoverflow28.dev,0
l4s1rb1uu8vxq7z580dic0.xyz,1
cdn.zoom20.net,0
pf2757i9qzlkzvj8j3v3.bit,1
hloklwinkfmsqwue1031n1.org,1
cdn.google99.dev,0
kt1rtij8lluk5sgsnyzkf.top,1
medium80.org,0
api.linkedin96.co,0
cdn.slack79.com,0
assets.dropbox28.co,0
nq1qzzmaekqeai1tka.xyz,1
3yopu5sr5usl6q7hp2t7j.top,1
api.linkedin92.dev,0
oq40f8vs50nn2nizz5.top,1
183s6413m1559ypgsdniwm.org,1
api.reddit53.com,0
cdn.twitch26.io,0
ti9uqxooi3n04ytnvmc5bsuuy4.top,1
twitch68.com,0
api.dropbox16.ai,0
gtj80ayf6pi5hr0pidiq3jbu.com,1
2zufy3ts2mntqac76bjepsyfkfe.ru,1
cdn.reddit49.io,0
api.dropbox79.org,0
api.slack76.com,0
i9e0udivx0l18i6hq0n8.xyz,1
static.amazon15.com,0
hsggnsmd1mehlz5edxugr.xyz,1
assets.microsoft91.net,0
mail.google68.com,0
dev.twitch30.co,0
kgku8t1cubgbkq8dzumx32qo.ru,1
msvqce8gsd9w2me0ny4vn.top,1
nmrbi8mqspj39j6syq2ddnqbevb.ru,1
yj37ggmdh6mn87ivj1i.org,1
udhwimwo2phxy3xsktk8cysaj6.bit,1
2rsfco6t403nllw1mi17qw.net,1
api.adobe43.net,0
dev.twitter43.net,0
p5qu0qsjpxiz2rjfpl3k.top,1
08faflauy87tsz58k.org,1
e7rytb2ggnmg2gyh1uinlo2c4y.org,1
adobe96.co,0
cdn.linkedin62.dev,0
dmpsj54yulwcj0z31ausahmj0.ru,1
mail.linkedin63.com,0
jripr4hj88xbtuyd3nui6r7i9.cn,1
2ecn6blshw526zh6hkzg3nuh.net,1
kij24t3rrc887upxr3vj.xyz,1
mat3suqgokvs0recae.net,1
peosule44u9pd89w3722vngbo2.net,1
twitter73.io,0
assets.linkedin15.org,0
static.twitch94.ai,0
api.twitter30.net,0
7jz9huev3j54n5otyjd73j.ru,1
k2rst6n3jlmrja08rg6p7w2jo5g1is.net,1
mail.microsoft29.com,0
assets.slack6.net,0
dzyghuvgetdppw1gmrzbzk4mntr5.bit,1
mail.twitch51.net,0
cdn.reddit40.ai,0
static.google42.io,0
wf80upebn9ddofivee5gut82.com,1
api.netflix49.co,0
lox4c8v24lkxnsx2zykx6.com,1
api.wikipedia53.org,0
g4kfkgn4ppcgodmegcahrd.xyz,1
6xjcvsurxoxyioax.bit,1
wfyjwq632rve4f2gkf20wvqrd6.ru,1
cdn.discord19.io,0
rb0igc1lnapinzrtb0kcd.com,1
osq5d44vhkkvfo1lar7f6cjg9.net,1
kn36mwdo7foo2peyirikeb.cn,1
cdn.amazon23.ai,0
static.wikipedia16.com,0
r389mvykukrmx30gjmhrasy.ru,1
fvzqffpf33htof41mtmg.ru,1
3t5hf060lqeqgdrvqha.org,1
mail.adobe30.com,0
dxn9jjqvzo9m3hud.top,1
wtq0jzbtzolzte6mf.xyz,1
rraa7vc5awqcg0tw24ko.com,1
5wwhgi9mtd9jp33kxstjtyt.bit,1
saqst8sb7mrtnoo7mx47rjictcohn.xyz,1
cdn.microsoft69.co,0
d5ik34fezhmmbq1gslgpf00q4.bit,1
discord74.io,0
static.spotify56.dev,0
dev.amazon11.net,0
cdn.apple52.co,0
assets.zoom37.com,0
qlc6lunxmwc7v9xe0dfmzilgpfn26.com,1
static.dropbox1.net,0
zzuyuo0ldtfbihxyr3jf5e2.cn,1
c72wkfja6x5i41k4wpsbv1.org,1
k7w08rpmvwex50mqem.top,1
z15a2imbrwxz27x0vp.cn,1
h9qjh2pp863cl8k37av7rhgr8r.cn,1
cnfxwcoko5qy547zu.top,1
jyf233wrjro1n2oo42m0qfpb4sev.ru,1
4y2b0xd4444kabain9krriqf.bit,1
adobe12.net,0
twitter77.io,0
api.linkedin8.net,0
tf4e294dqvqwmsca.top,1
ozuraktyxephun4r9rt2cvdh2.cn,1
w650h8sifneuu735.org,1
ntybicn7m7jm5ne4x4rd3hp11ha7.cn,1
wfownrtkyhr9qkrgn9hipyy.cn,1
o6w9q2237c19j5ney6wz548663rjvp.org,1
static.wikipedia41.net,0
apple22.net,0
qhkcjdd9rydp0l7ga.net,1
mail.twitch76.dev,0
static.linkedin93.io,0
wrj2c1uxhc78ucn19hznex3k6tez.cn,1
00z9nh0qra3tnmlsd6ij6eaow394b.ru,1
rtptnjtyti820tn5bmaz8ezdmb.ru,1
assets.linkedin52.io,0
ejddyixexaiu5u8pc0rui0bphqjz.bit,1
spotify93.org,0
dev.zoom56.com,0
api.twitter50.org,0
cdn.spotify38.com,0
mail.spotify50.co,0
mail.stackoverflow6.ai,0
mail.discord79.ai,0
swe69b72sqsoptq.net,1
3lv4iqcwmfnet0l0odjetrh1c.org,1
eg2w87tjm1v38atgyf1iuf3xn.xyz,1
api.github4.co,0
mail.google66.io,0
993br9w9dkenmq8b4rrzxonjhj8j96.net,1
dev.microsoft41.ai,0
cdn.discord72.net,0
xulu5oilog81nipucegrj8yl5.top,1
4q1augq48q1mqstlno1ac1xpy6wsds.com,1
assets.linkedin35.ai,0
c4twnce18empgphbam78p.top,1
519o3z5v5uhy5026d0xc0arh.top,1
zrrs6felixdyo3dzcz1ndeuub5l3uw.ru,1
gqvxam41y0eztberj73.cn,1
auxfbpaz1ym5bw5842j0nlpsqins2.net,1
qewbkmukfixx73a7xw.org,1
j0m0i04laqa9ptvrzjia58gqnkx.bit,1
8h0qoa4d9o3lpf94jrcntmumlg52.com,1
cdn.google99.dev,0
assets.microsoft22.ai,0
3ztu4560e5rv4fbiyudtlu961rv.com,1
medium25.com,0
8c50xgzy2i7hf8guqayyzggrzris.cn,1
1uf2qsdjr3obqa8dmsrl.bit,1
medium54.com,0
mail.slack17.com,0
x3qmq815clig63acwt0.org,1
api.reddit90.net,0
3tddkf8mq7qiuf47jb3uxwsu9zi5hl.net,1
u3ejshl6j6yz7ypnct.org,1
static.dropbox61.org,0
acclvknhi1tjdlq2aj82cy.xyz,1
api.stackoverflow34.net,0
dev.github71.ai,0
cdn.linkedin48.dev,0
dev.stackoverflow77.dev,0
api.medium31.ai,0
dev.medium63.org,0
mail.apple33.co,0
assets.amazon11.dev,0
static.dropbox59.dev,0
j9mh6qu3ju7rx3pr.xyz,1
xgfuci1d823gpxehyez5vvcx8ywt7.bit,1
294gcnh5zrlk4otdxzcx.com,1
wlu6hdkv54zrcmfk4ggtz7ma4g.cn,1
shv908fcph67lvvcvp33zap05690yb.ru,1
2dovibibac0tnhbhlmmiqs0nhe0xu.com,1
b7yvxgcqeh5zhbl49h8ofk9pts2uf.cn,1
api.dropbox54.dev,0
c6wi5k7g1rxfvqb.ru,1
qa1u9cz1f713m4b6jykv.bit,1
api.facebook48.ai,0
a53wyr0niclaui49e7tlesl.bit,1
mail.stackoverflow95.org,0
api.microsoft40.co,0
w7j8c8vseqnkcejq7hw.com,1
api.medium17.org,0
iywbr0i876l2vrrigjzj3qj3.top,1
static.zoom14.co,0
amazon87.dev,0
5s6tzfi1bk8purwd4q2y6x4wep5.ru,1
dev.reddit35.com,0
eo0y3iguinca1d60bb6qwr9161p82k.top,1
dev.google55.io,0
nvldsl2kuu14o4bfmso.top,1
plxm5sydsivi5089zo9v93k00gxai.org,1
api.medium93.net,0
mail.dropbox96.org,0
p6hm7v7ya5v5bs2yeynznevj.xyz,1
o305eb40o3x8mgsq59.top,1
7ind69bt2aanzs1d62e9bg.bit,1
assets.spotify52.io,0
netflix9.co,0
amazon8.net,0
cdn.twitch31.net,0
static.google99.net,0
t46po8msfezkugl9.org,1
pbkkvdhet5xe2zgv.top,1
9atwz96mjoemx5ww4x.bit,1
ytkv36bhbjefosbdihnd.cn,1
amazon18.co,0
e4oup682lof3kny70ubzj953jl7lps.org,1
static.dropbox33.ai,0
dev.zoom98.co,0
static.adobe10.org,0
io610gjqbphev53stx.org,1
api.medium16.io,0
dev.netflix48.org,0
byh8h3bedrhxglv2ulc3.com,1
assets.slack15.dev,0
xm1o40tovoajpmmbf32ifk.xyz,1
yfk6k9x0zrhuf35trvo9t.cn,1
zyfh0zakzhero3vij7.org,1
itltb844ldteyssg5h8nvjpf.net,1
api.twitch63.org,0
cdn.microsoft64.net,0
1z13nu00z0vspeusac153vrkkojpv2.top,1
v08do1pntmrullt5h2s7apf2iugonf.xyz,1
static.twitter54.net,0
cdn.adobe73.ai,0
hi2ycsakmwy3r9cfom9.org,1
api.reddit81.ai,0
assets.zoom32.ai,0
5kotgq1ho791r6mm1gxqe3frbf.net,1
qikyg5sva7vfqnz2bfga.top,1
1r27txgm29pnwzso1.ru,1
wp5gfd6t9cmv6bc54dx.net,1
zg346qq2208cju4.ru,1
api.facebook27.com,0
ddcvelbupulwsx426c39.bit,1
fwfclird6t4myknin54mxrxumgc4fl.com,1
static.dropbox35.org,0
ear4wtv7c8wmvduy5ibvzy2u1w.com,1
r8fjtx9ovq9zm857rxj.com,1
google20.ai,0
k7obz14swhc2xoqdwd872qng1yamj.com,1
assets.stackoverflow60.dev,0
api.amazon61.com,0
ug095ie3dfbf6cmv3ts477.ru,1
spdysmv631dd8k2.org,1
dev.amazon81.com,0
cdn.twitch26.ai,0
dsycfubciq8hu5ztiwqu.top,1
api.twitter26.com,0
31c28et78quikahhy0a7y.xyz,1
dev.stackoverflow98.dev,0
gt2s34rqsuntmu5c4bwgx.cn,1
wndlrzqg37zi4ljhcwizh8y0t6km.bit,1
api.stackoverflow81.io,0
uqtj3r8z2saw0rq5x5rqy.xyz,1
okqqthvszkv3ikgf7fsqhc.cn,1
api.dropbox31.org,0
czmra5wf6jj9m266o2yhcuq.net,1
703t3vq1qmlrnyucp5z7y.xyz,1
cdn.dropbox79.net,0
cdn.github54.dev,0
kj8l5vrw5cg3ust8.ru,1
static.netflix85.org,0
n1mpr8cuen47pg5ecccqvtdlz9akch.xyz,1
tamr7dieh7uysrf1rw4usbvjnozk.net,1
cdn.facebook33.co,0
medium60.dev,0
dropbox68.com,0
25bg2z262mpg0yzazc3ie1mo.cn,1
mail.slack39.org,0
dev.wikipedia29.io,0
assets.spotify71.ai,0
medium90.ai,0
euntqv17bzkmw1l5mg.ru,1
5yphp4i8bbrb39gjop4.org,1
dev.google10.com,0
api.google36.dev,0
cdn.linkedin33.dev,0
mail.google30.net,0
r64z7rpgc84bijs.net,1
mail.adobe18.ai,0
dcjnd5d69ewvsl1a6nepmvltj3.org,1
api.reddit43.org,0
oyls8f92sqnfjuqvvkvfmay.top,1
stackoverflow88.com,0
dropbox62.io,0
github77.dev,0
5rgx9imr1o58cw9lzprwmk.net,1
microsoft26.org,0
6wwsmopa9b5dgotxps7zfseppxk.top,1
api.medium33.ai,0
static.reddit77.dev,0
jmi067ab30cq4vqxziokmrd.xyz,1
8pxdiaybgzpl5qqh2t.bit,1
assets.apple38.org,0
kdnzus7f5kstgonvzhqswv9.cn,1
ye9nz5h7dgkevq5385s.org,1
static.wikipedia78.org,0
static.linkedin45.io,0
cdn.google22.co,0
mail.dropbox42.dev,0
bztfq11rdhbs9gf5pyehax3qfa54fb.top,1
0bcg4ig2lpi80g24r.xyz,1
facebook78.io,0
5feapah2ujzu5icdm8ojonbnv84.cn,1
mail.microsoft84.com,0
assets.discord99.ai,0
cdn.discord38.com,0
dev.discord97.ai,0
static.microsoft6.com,0
xvtgkro42fr54lk7tunpb84.xyz,1
dev.discord15.net,0
xphu0mgdzhctkf7r24.xyz,1
api.google87.com,0
bdp57l2fxrnlj838l3.bit,1
ikscd4s0avpg2ccgdeijkt06w8.xyz,1
cdn.slack55.ai,0
g9scdntywgesbg6wcvwpolx.org,1
qipl842zqahud05vx27t1vbk44.net,1
mail.github79.net,0
assets.slack90.io,0
cdn.amazon37.co,0
e4sy7g60hqsiwoq5u.xyz,1
ohwlfwqrudoicrlqa6woqbo.net,1
discord19.io,0
bvr6vlomr2sa4djyu2pxg.top,1
z9xf8eifcyu3qxaz85qbdp5tysbe9.bit,1
oytgz6xujqnd0o6rhnao43ukzawms.ru,1
static.apple51.org,0
k82a9v4qm9n2p1zfzxg4vmb.bit,1
v2jigfyuljr2uuawg4uufmilyb28b.net,1
static.wikipedia72.co,0
47cs4jgl958kg80y1p8sj6yika0vqv.ru,1
dev.reddit64.io,0
fj0y9bcqdqi2pkvxogk7409sjd1q0.org,1
wip3v4g97bte1snsqbmqqejz0sty.com,1
23a2xzvkmoqcqslaz10bncw2d.bit,1
static.twitter3.io,0
assets.netflix49.org,0
rsgih6m9e17r06b3twic.bit,1
static.adobe16.net,0
oqsk8tx0iisr23pj4ufg6.com,1
static.discord72.net,0
z67u1orqzyyywgkau.top,1
2bh0fwx6f2slpipx1x88iwu728r.org,1
3dz8i5kiea3xmkx7ituu5y855km.cn,1
api.facebook24.io,0
3vzqjxnnxy7mue2ejx.bit,1
cdn.discord78.co,0
dev.twitch55.ai,0
cdn.twitter46.dev,0
kmoetv7xibr4gfvsc8l.bit,1
static.twitch31.io,0
dev.github17.com,0
mail.wikipedia9.ai,0
g0soi0ehvkq5abr1ju3p32.xyz,1
qr5lipogseg9uw3aylgy0magmhhqnn.cn,1
mail.reddit29.org,0
static.adobe92.dev,0
wikipedia26.co,0
hbgn60hz8xdcc8863r2ywa03z.ru,1
static.medium27.com,0
cdn.twitter6.co,0
api.twitter23.org,0
d40g5d345b95a3ur.org,1
mail.stackoverflow25.io,0
zxu2n4v6fy8gpllsqgh736ve6.net,1
j72as4pr1o2u7srq55bors1swvfu.cn,1
1l62bj4f9r5v0jl6tgtv9qz1zp.top,1
static.adobe21.net,0
whiysbfx98s5xfd93vn2ljmv1xzynb.org,1
1owgtkkd433bzezcutzowuskpx8n4.org,1
w29i3g5sg50mqiuzj.ru,1
cdn.reddit72.org,0
brsbpfm22m099sn3dzl5xpywg63.ru,1
qeudlb51x3mcxhe6bw.cn,1
mail.twitch62.com,0
bf4j2ius9rn4t32jowd215v8xx.com,1
z60x9gdyfylb2ajfs60j3bjhv8d49.top,1
api.microsoft89.co,0
99kso4i30ctzj9dziu4x.bit,1
kt29jm35uiuqtq3kv9aehs.bit,1
cdn.reddit86.com,0
spotify92.dev,0
mail.twitter18.org,0
netflix1.dev,0
slgc6m0b6n2dmk9mva3wdvoskzwvzm.cn,1
0e4ctg2druy5kvjufls122ijc.com,1
assets.apple23.org,0
zj688aq901e78hht60d3g3f.cn,1
aq4mpgvpx99x4jg54ia1subhv.ru,1
v9kfzb95eal7sf23926rdw.bit,1
cdn.google20.co,0
twitter73.com,0
qvtxdq10av9973b4ekvn.com,1
mail.slack19.co,0
dev.facebook30.io,0
rwgsmczmvev162orquo3z8w.cn,1
dev.facebook38.net,0
slack90.io,0
6ii7x96guzyqyg10vpsc03bccre2.cn,1
pweua17l69jx3g0eu.top,1
api.dropbox16.net,0
wicygwkk6cohsylsohbpq7fbtl.top,1
api.stackoverflow15.org,0
beu0izy071d0jrup5nnw.net,1
pjoqo16qmlqvuyrm8kt05iq.net,1
stackoverflow63.com,0
mail.google3.io,0
wfz7hyl5vj5gxuzl1ef12nrf2owxfn.xyz,1
e6fuz1fgzr8oy08fwcufuwkl.cn,1
kkz7kjtytgenydyjv6bm81iqcr.xyz,1
cxikejwyx1zy21v5my6y34bw.net,1
discord2.dev,0
api.spotify43.co,0
2tahadzsodbtqoovuiizw5q5ii.cn,1
cdn.netflix93.net,0
t24ynyzkt2yb3rp7fto5yqyoowt.net,1
o4kwioi8xvy0wxv98ubj1kcdwtew0i.xyz,1
assets.slack7.com,0
static.slack29.dev,0
1m2pon23w2vwssrlp.net,1
mail.twitch74.io,0
cdn.wikipedia76.com,0
50evpbkwxi1c3mf.top,1
fbnvzom8znnhc8vdl71vbx1t5vtc.ru,1
ofwhza63k1vrnhyojo3734cgqcts.cn,1
ob1quhw4a7g7kmbvnohd1b22xqtmg.net,1
stackoverflow88.co,0
m8z1kv5w598usoapn8qcu3nxfpgl.xyz,1
6ms4yjntqci6hk1s.net,1
static.google13.ai,0
dev.microsoft88.io,0
dev.stackoverflow3.com,0
mh8gfmfypr2n5v5r3a2huhr.cn,1
dropbox20.com,0
api.reddit12.net,0
static.stackoverflow45.dev,0
x2rgufl9m4vf2cjpx0lbwr5.xyz,1
bhg90cuopxzyxba14xi35gm8w7bn.ru,1
api.microsoft64.org,0
dev.medium61.org,0
gg2se5oxfl7bdnn48auoqa6bu0ds.com,1
g5do0afhfc51ywift57tihbcq9d.org,1
v9vgj9l8sze56t69jmsii0.xyz,1
2erhgmdulb2mx7su9qk88zy7qsm0.top,1
37favqr3lbbko74ur.xyz,1
cdn.zoom91.com,0
mail.twitch46.dev,0
mail.discord10.co,0
cdn.reddit55.dev,0
stackoverflow42.dev,0
mail.discord41.co,0
pb8pfkv8m9rr6kq7dezfpg7g7jb0sk.com,1
qjjomtxndsqr5bzcuxr4ce.org,1
medium8.io,0
cdn.github78.co,0
m46wak6z58cjoxzten590zarn.net,1
static.github13.ai,0
6bc4jen62y3tifmn6ul8dqe4p7unbs.net,1
dev.wikipedia20.net,0
static.google49.co,0
8znjehjfj2v77ftnl6xfe9hy.ru,1
1ci66tej6l6zq4vweymxca.xyz,1
yeto02c5hjl8x872on46337innx.net,1
static.amazon15.io,0
tefjpja1do624x0q2md94sdq6.top,1
d5wde8f1eav2rbbeio0m.bit,1
cdn.adobe29.ai,0
mail.twitch81.io,0
mail.linkedin41.net,0
api.twitch3.ai,0
mail.dropbox98.dev,0
api.microsoft26.org,0
uzq1ytos90k1ehmb4a7.top,1
discord82.co,0
y8gzt496znx1hdg5bleu3.xyz,1
18v1ursmyic78dtk7seirjvxlru7.top,1
spotify84.dev,0
api.microsoft66.net,0
avctnsfe3qvkumnd4ufp9nlkqg.ru,1
v3jhpm09nljewjjb1q.org,1
a1abs7ibf6pcrrf00oy6dwz9.org,1
8ansy7jfqofhnaouw5nmpf1fgd.ru,1
g60d9cehh0uzdd6brvlagsmrvkhkn.bit,1
api.netflix11.co,0
nbwv53rcvtfxwjocyrr.com,1
assets.apple12.com,0
mail.stackoverflow31.ai,0
api.medium41.com,0
api.amazon17.org,0
api.slack28.net,0
9ciezroa7zcj7reke4u.xyz,1
j1qf60uedqb1a6w.org,1
iubotp2l72ngkqzdhsg7o7.cn,1
static.reddit56.io,0
assets.facebook19.co,0
dzwz81aj1ungyevvj7sr3u.top,1
api.adobe92.net,0
mail.google94.com,0
b9ib2lgk0he74cgpnoarps38gt7y.ru,1
wikipedia34.dev,0
mail.apple65.com,0
0pha5or5p5sm679.xyz,1
k6f5ajn4lu4lcwlebfz2ykf.ru,1
assets.zoom16.ai,0
adobe60.net,0
ozm01dojy69f2y55t5i4gw.cn,1
assets.dropbox26.co,0
32upgn5han8uh48.top,1
onuz87a6q34ur0pn517gpz2flk.org,1
assets.slack8.dev,0
slack39.net,0
assets.amazon45.org,0
twitter40.com,0
fgghn3vxcpakxvvxsxs67iadf5.cn,1
m14fmelaet64ah78ka58gt.org,1
x4fqad4w1ee6xfsyi.bit,1
wwg2gge3hwfan6qyix77do.com,1
0pz7w4mv330p5yv7au1s51xey3.net,1
c8gbwxnac26jfqb0o6c.cn,1
api.stackoverflow44.net,0
api.microsoft77.ai,0
gkgwsq8jfm4551sc9qxqx.cn,1
1bonoilnsezzl3ngfww52vq2g9irj.top,1
dev.facebook94.net,0
phadpeooywpwp51gwgv53myz6nli.cn,1
0lug74opqugjt75uaa.net,1
4vzsaguk52ue15yweovlrsr2f.org,1
mail.stackoverflow94.net,0
lykeaxqz1cwf8tbklx4aougflcsix.net,1
5xflfnia3xl8dsqts.bit,1
r012i5ehtlprbolwbqxs.top,1
api.github99.io,0
ptnnrcmr5qtchzzaqmzrgbhpiktl.org,1
static.adobe1.co,0
amazon38.ai,0
netflix68.net,0
wbqsicbjl61ki3x.bit,1
assets.twitter38.net,0
microsoft57.co,0
google89.com,0
github20.net,0
dev.dropbox78.org,0
zvlk2ri16eb0c0faf6fzv8.org,1
wmv9jxannemdsl9zsgm6btoyp9v9p.xyz,1
assets.reddit41.net,0
lff4nwhxr6192v3.net,1
rvnpknq887318xhvz4.top,1
dev.stackoverflow69.io,0
279ovpdsgofli4bhnrgsr7ca.org,1
mfhvuftdgg2pfyxk02ya0j7js.net,1
10ewxxhk777wk06kiwt73etfiiy3um.cn,1
mail.github47.net,0
lejp5mkqdxxkgklc.xyz,1
edvd4l1azjmri2f5khhd0.org,1
i5grwdu00yfsf4ib3u5wzlc7rn.bit,1
cdn.discord58.ai,0
wel7p97fmmg0pixy4lu006.com,1
static.reddit91.dev,0
k126v96yg5yll92tdae7f0.ru,1
71qmmtbuqh4nahiec6vm7cjyl55pb.top,1
dev.facebook95.co,0
jkrn71jsrv3pov4i4ql808ya.cn,1
api.zoom82.io,0
rnzjn5o34a3dseko.org,1
z1te5mk8bc4mucyu4i4pv6ei0jnks.xyz,1
linkedin94.com,0
mail.github13.dev,0
cdn.apple41.dev,0
hx42f5kpc7wnckc9ltj15h04stw.com,1
mail.google97.ai,0
static.reddit91.org,0
xgcy3fgjajpktyp.ru,1
mail.zoom17.ai,0
medium56.dev,0
api.spotify85.co,0
29cyp8t4cmr8in2wkozb2scuirybu.net,1
zpes1ehxo20cn8fshrqjan46bi.top,1
m28wygqynrmdevf055zb785iadjwc.cn,1
mail.linkedin70.dev,0
65a8k1kib8thevm9c8d.xyz,1
7kzqhkzlv5l0sxtloue93hn9qd.net,1
m6og29clf7cu93psx4fqfees0d6z.xyz,1
pc8nlbpo7qb7jn42.com,1
twitch96.org,0
p3f3qogdd7lt5h8pmyq4d2d.xyz,1
hofuinlayb777f5n447p7u.xyz,1
static.zoom30.ai,0
dev.medium37.co,0
pc0f262oedl3ljum.net,1
cdn.zoom21.co,0
cdn.amazon42.net,0
medium75.org,0
static.amazon66.net,0
dev.wikipedia81.co,0
b8iz6to2nfs5rga.net,1
cdn.zoom33.net,0
cdn.microsoft74.org,0
cciklxle22efpt54oxm0qa4ij1.net,1
assets.adobe37.dev,0
amazon17.ai,0
7rug41z93vg5m6q09zushnj0gk34t.ru,1
dev.adobe14.ai,0
static.wikipedia27.ai,0
assets.adobe27.com,0
cdn.microsoft14.dev,0
jptfu73iqzbw25tna76n.com,1
static.apple92.org,0
3louidn0irifm9de.org,1
81g4s73gurco3v13ib.top,1
dev.github53.org,0
45nrpu5a2iqlv25bic8j03rz1x9j.com,1
ot3zq40xibi0asvujh6h0917yvtfc.cn,1
vv78gdv9d396cs7i3qpp88ze.cn,1
assets.spotify84.dev,0
dev.twitter53.dev,0
hdyxbwatinaku9graq6ycgxa29a7zq.com,1
api.microsoft85.co,0
cdn.github62.dev,0
dev.medium23.com,0
static.zoom98.ai,0
mail.wikipedia35.ai,0
cdn.twitch97.co,0
px6q8ip4wazbkhvy9xj9urp.com,1
static.netflix23.com,0
static.netflix72.ai,0
g50op8gvhtzkn73wafvpu83.top,1
cdn.linkedin91.co,0
assets.twitch61.org,0
q2ng8vzi3eokucrsc.top,1
cdn.amazon53.co,0
cdn.wikipedia21.net,0
cdn.microsoft14.net,0
cdn.wikipedia53.org,0
9cj0e48abuujl28vzzpi22h49xk08.top,1
dev.medium22.io,0
dropbox19.net,0
dev.twitter27.dev,0
77d5qv687p0hliexmxf9my9.cn,1
76sy09szubwycdo0r25303gd86gmpv.top,1
api.apple95.com,0
p5okesp29onvvcg6.cn,1
assets.dropbox14.net,0
yhj7oye3s1vexu2nrkhyq9p.xyz,1
y370x4hqxizmjep.org,1
i4qhvpbsrih7vs5.net,1
ine0p8g1ww9qtj0s4.xyz,1
uvnn3tg36r0k1c09xgacqlcfc.ru,1
pq06uwbdhjcmhpegvqs1fo2hn.cn,1
wl0aym0tx7p09r8wbd4zy72vwb7.cn,1
assets.apple90.net,0
ps2c7076c9pbx77kdomf.com,1
y16kvsdbpwl40gutt3l33en9r.top,1
f40h7jrhvwcq37vlw9yrtq.xyz,1
2udxqrg4sfr14jlg9f.ru,1
cdn.discord32.io,0
assets.medium41.ai,0
jadiag89nby3s303surxo15a.org,1
cdn.adobe31.net,0
oqs8g30017cb333.ru,1
3rwsg5e4ha1evuk6ayhwkcl656vaw.ru,1
mail.stackoverflow1.ai,0
mail.slack71.dev,0
puqo61z9fsurlbph98hmwbfdf.bit,1
medium43.net,0
z9vz795fvmup3waokh2dpz57clo7.net,1
kp320kk00erigaaw664pd7yzw4fjg.bit,1
dev.amazon36.org,0
eqy0psqx0jo5dui7bk4yrau1ai.top,1
static.slack24.com,0
dev.stackoverflow30.com,0
3dsg4mu69tpzdbs1idp.bit,1
07g86os8s26pr43hekcu87rr.com,1
vr95piuvbzn8j7a6pa4.ru,1
api.medium83.com,0
ow3ratn5aafdfio.bit,1
mhbapcazg8mvkoqo39mgnhr.cn,1
dev.twitter15.org,0
r5vfedmjn49vlkayp6cff8j.org,1
9yesl0o6huc7fiju6u2h.net,1
mail.microsoft62.io,0
nl183u5323sljxch8wc07wdd6y7mpw.bit,1
cdn.linkedin82.dev,0
amazon88.dev,0
twitch98.net,0
pzyz2sxm0r6m7mv.bit,1
assets.facebook40.net,0
a9xzr148fzewsqgtzl5v4ucny9e9a.top,1
dev.spotify58.io,0
q7zs5on70g8af17ayfxysqa6lb.com,1
mail.google64.net,0
os18zvwo6tyzzxe31ez.top,1
cdn.twitter7.com,0
mail.linkedin47.co,0
api.github35.ai,0
mail.wikipedia44.com,0
5dgu4bvltd32d91m3moo2.com,1
assets.dropbox35.ai,0
3w6l1705idzvo77.ru,1
ltuq5jibj1eze914hoi6jw3yh40y.org,1
dev.microsoft97.com,0
eayhqc006s2tkp6l6c1sfrqav2.net,1
dev.zoom93.com,0
2yz7yttqf95gkljsszqrfuhgw.bit,1
assets.adobe64.ai,0
mail.linkedin78.org,0
api.github1.com,0
dev.wikipedia37.dev,0
static.facebook71.com,0
assets.apple82.dev,0
cdn.adobe91.co,0
l5pvrg23wdcn2l1h3fx1krjm9va.net,1
cdn.medium97.net,0
sv7k8t290a3ea9vldq7v.ru,1
3csguji1zqkg7w2tsstqpg.net,1
netflix74.dev,0
amazon88.co,0
8di2pjdy6mcybibkdz8jggz1gwp1p.top,1
bb6bt4wvv10cvnan60ysn9n1g8np.xyz,1
q2xwc9byr157dd5kigg2y60.org,1
static.spotify93.com,0
ejdjtwhlrgd7e2w3kubry.top,1
bsgm0pgqjk5g9u813ifupq84gh.org,1
cymx34q7yxeg3zpdhqaqiew.ru,1
xru8omoi0y3ybxvu0bo93xwtou.cn,1
7e7ijgne1tcd8t2sfn14egi2.top,1
mail.slack89.com,0
heujmyoezxi7aegz8zj4rnytnuseg.cn,1
amazon81.com,0
479s525oopihq806r43l4.bit,1
1nii4tu342w0y95.top,1
cdn.twitter1.dev,0
static.linkedin16.net,0
v86voo1e0uy3q8ps.top,1
whrxk30frycz6ben.top,1
j7b5smcgqtdqdr9yafn4re42zut.cn,1
y3a8ao0e10752016s7y4jh5bbb6fj.com,1
04h2n3a588yu3qw.ru,1
dev.medium19.dev,0
cdn.wikipedia82.net,0
linkedin13.ai,0
dev.microsoft51.net,0
api.google4.co,0
cdn.wikipedia82.dev,0
b983tyznkvt0e5fx.org,1
avcmnoey0gx76lb1o6rf.cn,1
wyyevwod5skadqejob42ig0w9jn.bit,1
xh7s6jrgknauh99wxsi3khaqgztll.org,1
dropbox74.co,0
x59d33gtyjrdg3r103aafua.cn,1
ynaugfh54azv2qsxjcar7d0.cn,1
mail.discord49.dev,0
5r00uu1v4mrgsnmj.com,1
r3fny328d6jj5rs9fzcba1vuwo6.top,1
n5udola8szt2861ee9k1f6s.com,1
b1mp63wqbyqgk6ksb0qkjrm1job.cn,1
fo1v4dnriiql1d1yr.ru,1
vgvsmc7dr6k4socbocz.cn,1
cdn.adobe51.org,0
0r4qu6d4w5uesxob3giym5oqto1tmn.org,1
9f9yp1ree0ynn5vo5luuxkcfo.com,1
assets.netflix22.ai,0
zg3lg4zlwt6zmg7m70pmrg7uyc.cn,1
3jvfd8y4fzl0nkovmjwhk.bit,1
zoom17.co,0
cdn.adobe89.ai,0
v55mcppq2hz7kew88th6pjfk63.top,1
b71jyzavsbxm4af9u5u2.ru,1
mail.slack73.org,0
rkzz7v5p16v3x9d3ugh.org,1
7ulnccfv5lx3doaustulmbj34j0a.ru,1
twitch27.com,0
spotify43.org,0
e8mhf7eohs6gsugmi8b9.xyz,1
dev.wikipedia84.dev,0
mail.twitter35.dev,0
qxhdaoxd2smfz8vs.com,1
j9448b8amgo8e3gtuy7reg0a5bz5pb.com,1
api.microsoft72.ai,0
mail.apple67.dev,0
l99f0y75d0hd0qj8mp.net,1
static.dropbox87.net,0
api.spotify81.dev,0
static.stackoverflow23.dev,0
api.reddit50.org,0
static.slack85.io,0
ttn6wn2z1o8nln3.cn,1
mail.twitter57.co,0
assets.reddit44.ai,0
assets.dropbox58.com,0
dev.stackoverflow48.org,0
wb5t3kptuhxx7pglyzik2fo7t0e.cn,1
mail.amazon18.co,0
spotify3.co,0
apple77.ai,0
static.stackoverflow98.net,0
h66z4gqdqgvj31iz0k1xklfgsy30df.xyz,1
7gm4jwbar9y63fxb.bit,1
aztijw1mb3md9grrwcnx9vlhq9.org,1
hzngjj01nsa83c72i08r93fzk.xyz,1
mail.adobe47.co,0
twitch98.io,0
ff9qcj7523xds08nlrpej.net,1
static.reddit1.io,0
api.slack22.org,0
t4h7s3l22uk5n085nuukghvv7yd.com,1
2iae8oq5d50sah4vxjm56llkiq.ru,1
assets.discord19.net,0
dev.google78.com,0
317izft4mx9yvwj6wj2u.bit,1
microsoft8.org,0
42xmokjtns2xrwi.ru,1
mail.microsoft45.net,0
tasnbpf0uya7sfu06yf8e6bwt9wyim.bit,1
api.github91.com,0
mail.dropbox69.co,0
assets.twitter52.dev,0
static.linkedin95.net,0
0o8ecndansiag6p2av3iscs10.cn,1
cdn.netflix40.io,0
dev.slack34.dev,0
mail.medium99.co,0
api.apple98.io,0
1p1ec6isnpnpmi2uy7umpialyv.net,1
j3w8yauy2brbqsvajflis.top,1
api.linkedin17.dev,0
4sbr9lftc7x9o1r41i21zn.org,1
assets.twitch63.dev,0
assets.github70.org,0
tf26d42kn7qhrlggunmgy131.cn,1
py8gaz68unlwhh9u.bit,1
rdmchsywvqg28gasf21fo.com,1
mail.microsoft97.ai,0
amazon19.net,0
dev.reddit90.net,0
0kffesjf4dv07gxc.ru,1
knbd7rd54gqg485ca2z.ru,1
87k9vgial9cyhtlf7n.cn,1
adobe11.com,0
mail.adobe3.dev,0
cdn.amazon13.com,0
api.github81.io,0
dev.slack8.io,0
static.adobe10.dev,0
v078ssttv3bcc3oaqul.cn,1
lzxc8ksk1xj7kkiu9rjy19.net,1
dev.facebook90.ai,0
lymhbau1sbg69e4zwave0e5346aa.org,1
l1nfl0engkkl5pxsd36d0nchsglf3.top,1
dev.microsoft55.com,0
i11ecezw0bc1stc.xyz,1
d6izfdxw7di83ppw85h.org,1
assets.reddit82.co,0
facebook47.co,0
0hmke5ktw806yxx.top,1
twitter32.ai,0
api.github15.dev,0
dev.stackoverflow84.net,0
fmb7o91chv5cp7np9f6r3.top,1
2785boauwnql2a98faqsw9r48dcb.net,1
stackoverflow36.net,0
cdn.linkedin61.co,0
api.slack26.net,0
wt94fme43mgwunxjzm.org,1
vschsha6avtabls4akvbo42qlr.top,1
static.microsoft52.co,0
sxr74s9tsjffnq2k0b4j17.xyz,1
8hqh53drv2ffh20evlo.com,1
poplfenj4ebqyldb66mupmmdb.com,1
dev.stackoverflow77.net,0
auuvykmbhm8ussyjf02pcbvj.org,1
cdn.amazon52.dev,0
assets.discord54.dev,0
mail.linkedin89.io,0
o8mwwzuyyx5qm5skimqg16rr97atv.ru,1
mail.stackoverflow35.com,0
2q4as0o6jcffryxcfd3nb99ad.com,1
assets.wikipedia96.com,0
ict8x3syy7ic2dadd.ru,1
mail.microsoft74.dev,0
assets.medium83.co,0
foa4f2fkq2ymmr5ujq3h9.cn,1
qrngl7k2t0pgvklak.cn,1
udlw6ja0vxg3as3s20ux1d935p9.net,1
3we4vtsw8iva2ur1omp.cn,1
assets.zoom13.dev,0
cdn.amazon57.io,0
onhceczrijdgi5ptn6.com,1
a394l99dciljiizfmyti4wp5rx.net,1
43v1e0dcw5mzqx84.ru,1
static.amazon60.net,0
static.apple29.org,0
lg431a6vfp9y71hk9da7nw.bit,1
mail.amazon53.co,0
tujmgcl14x1i4qpy1pb1mov.xyz,1
static.discord73.io,0
emm0tr6ix1t73w9eo2tcg2c.com,1
mail.zoom79.net,0
static.stackoverflow32.ai,0
cdn.zoom56.io,0
kh5jicg02olex773c4v.top,1
9p6ygl8dn2emmu5x6c.xyz,1
assets.apple24.io,0
static.amazon56.com,0
528eh4tmne1s5y4x1yxws46y2fu.com,1
sr8ceck9py2zj4yp7356eukr8kkak.net,1
ykylytuerldxote5g6g1ruid0zl.xyz,1
f7pptdwmixivvsic13q9.cn,1
assets.google25.dev,0
yfr0xfdsixp8baabk178qq3v4.bit,1
t3bo58drme1ukcqvqrgks1hvrnw.top,1
wo79un446t3lxh1uzs38w7.com,1
assets.dropbox30.com,0
wikipedia83.com,0
dnpnh71zv7m3l42t.bit,1
dev.discord20.net,0
laudx0s9muf8fvla.com,1
mail.adobe73.ai,0
i70gn5t4pon0dbfv49qzpbo.bit,1
static.dropbox96.ai,0
